{"cameraMode":{"drawMode":0,"name":"Shaded","section":"Shading Mode"},"sceneLighting":false,"audioPlay":false,"sceneViewState":{"m_AlwaysRefresh":false,"showFog":true,"showSkybox":false,"showFlares":true,"showImageEffects":true,"showParticleSystems":true,"showVisualEffectGraphs":true,"m_FxEnabled":true},"in2DMode":false,"pivot":{"x":-2.384185791015625e-7,"y":0.8999550342559815,"z":-0.044772565364837649},"rotation":{"x":-0.31949150562286379,"y":0.6440541744232178,"z":-0.33874717354774477,"w":-0.607097327709198},"size":1.4772229194641114,"orthographic":false}