{"cameraMode":{"drawMode":0,"name":"Shaded","section":"Shading Mode"},"sceneLighting":true,"audioPlay":false,"sceneViewState":{"m_AlwaysRefresh":false,"showFog":true,"showSkybox":true,"showFlares":true,"showImageEffects":true,"showParticleSystems":true,"showVisualEffectGraphs":true,"m_FxEnabled":true},"in2DMode":false,"pivot":{"x":435.1042175292969,"y":2.8504586219787599,"z":424.06915283203127},"rotation":{"x":0.07200844585895539,"y":0.9294736981391907,"z":-0.26718416810035708,"w":0.24487078189849854},"size":14.23079776763916,"orthographic":false}